township_code	region_code	name	name_mm
MMR017024	MMR017	Bogale	ဘိုကလေး
MMR017022	MMR017	Danubyu	ဓနုဖြူ
MMR017026	MMR017	Dedaye	ဒေးဒရဲ
MMR017015	MMR017	Einme	အိမ္မဲ
MMR017008	MMR017	Hinthada	ဟင်္သာတ
MMR017013	MMR017	Ingapu	အင်္ဂပူ
MMR017002	MMR017	Kangyidaunt	ကန်ကြီးထောင့်
MMR017025	MMR017	Kyaiklat	ကျိုက်လတ်
MMR017012	MMR017	Kyangin	ကြံခင်း
MMR017007	MMR017	Kyaunggon	ကျောင်းကုန်း
MMR017005	MMR017	Kyonpyaw	ကျုံပျော်
MMR017016	MMR017	Labutta	လပွတ္တာ
MMR017010	MMR017	Lemyethna	လေးမျက်နှာ
MMR017019	MMR017	Maubin	မအူပင်
MMR017018	MMR017	Mawlamyinegyun	မော်လမြိုင်ကျွန်း
MMR017011	MMR017	Myanaung	မြန်အောင်
MMR017014	MMR017	Myaungmya	မြောင်းမြ
MMR017004	MMR017	Ngapudaw	ငပုတော
MMR017021	MMR017	Nyaungdon	ညောင်တုန်း
MMR017020	MMR017	Pantanaw	ပန်းတနော်
MMR017001	MMR017	Pathein	ပုသိမ်
MMR017023	MMR017	Pyapon	ဖျာပုံ
MMR017003	MMR017	Thabaung	သာပေါင်း
MMR017017	MMR017	Wakema	ဝါးခယ်မ
MMR017006	MMR017	Yegyi	ရေကြည်
MMR017009	MMR017	Zalun	ဇလွန်
MMR007001	MMR007	Bago	ပဲခူး
MMR007007	MMR007	Daik-U	ဒိုက်ဦး
MMR007014	MMR007	Htantabin	ထန်းတပင်
MMR007003	MMR007	Kawa	ကဝ
MMR007011	MMR007	Kyaukkyi	ကျောက်ကြီး
MMR007006	MMR007	Kyauktaga	ကျောက်တံခါး
MMR007005	MMR007	Nyaunglebin	ညောင်လေးပင်
MMR007013	MMR007	Oktwin	အုတ်တွင်း
MMR007012	MMR007	Phyu	ဖြူး
MMR007008	MMR007	Shwegyin	ရွှေကျင်
MMR007009	MMR007	Taungoo	တောင်ငူ
MMR007002	MMR007	Thanatpin	သနပ်ပင်
MMR007004	MMR007	Waw	ဝေါ
MMR007010	MMR007	Yedashe	ရေတာရှည်
MMR008014	MMR008	Gyobingauk	ကြို့ပင်ကောက်
MMR008008	MMR008	Letpadan	လက်ပံတန်း
MMR008009	MMR008	Minhla	မင်းလှ
MMR008013	MMR008	Monyo	မိုးညို
MMR008012	MMR008	Nattalin	နတ္တလင်း
MMR008010	MMR008	Okpho	အုတ်ဖို
MMR008003	MMR008	Padaung	ပန်းတောင်း
MMR008002	MMR008	Paukkhaung	ပေါက်ခေါင်း
MMR008004	MMR008	Paungde	ပေါင်းတည်
MMR008001	MMR008	Pyay	ပြည်
MMR008006	MMR008	Shwedaung	ရွှေတောင်
MMR008007	MMR008	Thayarwady	သာယာဝတီ
MMR008005	MMR008	Thegon	သဲကုန်း
MMR008011	MMR008	Zigon	ဇီးကုန်း
MMR004001	MMR004	Falam	ဖလမ်း
MMR004002	MMR004	Hakha	ဟားခါး
MMR004008	MMR004	Kanpetlet	ကန်ပက်လက်
MMR004007	MMR004	Matupi	မတူပီ
MMR004006	MMR004	Mindat	မင်းတပ်
MMR004009	MMR004	Paletwa	ပလက်ဝ
MMR004004	MMR004	Tedim	တီးတိန်
MMR004003	MMR004	Thantlang	ထန်တလန်
MMR004005	MMR004	Tonzang	တွန်းဇံ
MMR001010	MMR001	Bhamo	ဗန်းမော်
MMR001005	MMR001	Chipwi	ချီဗွေ
MMR001009	MMR001	Hpakant	ဖားကန့်
MMR001003	MMR001	Injangyang	အင်ဂျန်းယန်
MMR001018	MMR001	Khaunglanhpu	ခေါင်လန်ဖူး
MMR001016	MMR001	Machanbaw	မချမ်းဘော
MMR001013	MMR001	Mansi	မန်စီ
MMR001008	MMR001	Mogaung	မိုးကောင်း
MMR001007	MMR001	Mohnyin	မိုးညှင်း
MMR001012	MMR001	Momauk	မိုးမောက်
MMR001001	MMR001	Myitkyina	မြစ်ကြီးနား
MMR001017	MMR001	Nawngmun	နောင်မွန်း
MMR001014	MMR001	Puta-O	ပူတာအို
MMR001011	MMR001	Shwegu	ရွှေကူ
MMR001015	MMR001	Sumprabum	ဆွမ်ပရာဘွမ်
MMR001004	MMR001	Tanai	တနိုင်း
MMR001006	MMR001	Tsawlaw	ဆော့လော်
MMR001002	MMR001	Waingmaw	ဝိုင်းမော်
MMR002005	MMR002	Bawlake	ဘောလခဲ
MMR002002	MMR002	Demoso	ဒီမောဆို
MMR002006	MMR002	Hpasawng	ဖားဆောင်း
MMR002003	MMR002	Hpruso	ဖရူဆို
MMR002001	MMR002	Loikaw	လွိုင်ကော်
MMR002007	MMR002	Mese	မယ်စဲ့
MMR002004	MMR002	Shadaw	ရှားတော
MMR003002	MMR003	Hlaingbwe	လှိုင်းဘွဲ့
MMR003001	MMR003	Hpa-An	ဘားအံ
MMR003003	MMR003	Hpapun	ဖာပွန်
MMR003006	MMR003	Kawkareik	ကော့ကရိတ်
MMR003007	MMR003	Kyainseikgyi	ကြာအင်းဆိပ်ကြီး
MMR003005	MMR003	Myawaddy	မြဝတီ
MMR003004	MMR003	Thandaunggyi	သံတောင်ကြီး
MMR009016	MMR009	Aunglan	အောင်လံ
MMR009003	MMR009	Chauk	ချောက်
MMR009023	MMR009	Gangaw	ဂန့်ဂေါ
MMR009015	MMR009	Kamma	ကံမ
MMR009001	MMR009	Magway	မကွေး
MMR009007	MMR009	Minbu	မင်းဘူး
MMR009014	MMR009	Mindon	မင်းတုန်း
MMR009013	MMR009	Minhla	မင်းလှ
MMR009020	MMR009	Myaing	မြိုင်
MMR009005	MMR009	Myothit	မြို့သစ်
MMR009006	MMR009	Natmauk	နတ်မောက်
MMR009009	MMR009	Ngape	ငဖဲ
MMR009018	MMR009	Pakokku	ပခုက္ကူ
MMR009021	MMR009	Pauk	ပေါက်
MMR009008	MMR009	Pwintbyu	ပွင့်ဖြူ
MMR009010	MMR009	Salin	စလင်း
MMR009025	MMR009	Saw	ဆော
MMR009022	MMR009	Seikphyu	ဆိပ်ဖြူ
MMR009011	MMR009	Sidoktaya	စေတုတ္တရာ
MMR009017	MMR009	Sinbaungwe	ဆင်ပေါင်ဝဲ
MMR009004	MMR009	Taungdwingyi	တောင်တွင်းကြီး
MMR009012	MMR009	Thayet	သရက်
MMR009024	MMR009	Tilin	ထီးလင်း
MMR009002	MMR009	Yenangyaung	ရေနံချောင်း
MMR009019	MMR009	Yesagyo	ရေစကြို
MMR010006	MMR010	Amarapura	အမရပူရ
MMR010001	MMR010	Aungmyaythazan	အောင်မြေသာဇံ
MMR010002	MMR010	Chanayethazan	ချမ်းအေးသာဇံ
MMR010004	MMR010	Chanmyathazi	ချမ်းမြသာစည်
MMR010020	MMR010	Kyaukpadaung	ကျောက်ပန်းတောင်း
MMR010013	MMR010	Kyaukse	ကျောက်ဆည်
MMR010009	MMR010	Madaya	မတ္တရာ
MMR010003	MMR010	Mahaaungmyay	မဟာအောင်မြေ
MMR010029	MMR010	Mahlaing	မလှိုင်
MMR010028	MMR010	Meiktila	မိတ္ထီလာ
MMR010011	MMR010	Mogoke	မိုးကုတ်
MMR010017	MMR010	Myingyan	မြင်းခြံ
MMR010015	MMR010	Myittha	မြစ်သား
MMR010019	MMR010	Natogyi	နွားထိုးကြီး
MMR010021	MMR010	Ngazun	ငါန်းဇွန်
MMR010022	MMR010	Nyaung-U	ညောင်ဦး
MMR010007	MMR010	Patheingyi	ပုသိမ်ကြီး
MMR010024	MMR010	Pyawbwe	ပျော်ဘွယ်
MMR010005	MMR010	Pyigyitagon	ပြည်ကြီးတံခွန်
MMR010008	MMR010	Pyinoolwin	ပြင်ဦးလွင်
MMR010010	MMR010	Singu	စဉ့်ကူး
MMR010014	MMR010	Sintgaing	စဉ့်ကိုင်
MMR010016	MMR010	Tada-U	တံတားဦး
MMR010018	MMR010	Taungtha	တောင်သာ
MMR010012	MMR010	Thabeikkyin	သပိတ်ကျဉ်း
MMR010030	MMR010	Thazi	သာစည်
MMR010031	MMR010	Wundwin	ဝမ်းတွင်း
MMR010023	MMR010	Yamethin	ရမည်းသင်း
MMR011010	MMR011	Bilin	ဘီးလင်း
MMR011003	MMR011	Chaungzon	ချောင်းဆုံ
MMR011002	MMR011	Kyaikmaraw	ကျိုက္မရော
MMR011009	MMR011	Kyaikto	ကျိုက်ထို
MMR011001	MMR011	Mawlamyine	မော်လမြိုင်
MMR011005	MMR011	Mudon	မုဒုံ
MMR011008	MMR011	Paung	ပေါင်
MMR011004	MMR011	Thanbyuzayat	သံဖြူဇရပ်
MMR011007	MMR011	Thaton	သထုံ
MMR011006	MMR011	Ye	ရေး
MMR018004	MMR018	Det Khi Na Thi Ri	ဒက္ခိဏသီရိ
MMR018007	MMR018	Lewe	လယ်ဝေး
MMR018008	MMR018	Oke Ta Ra Thi Ri	ဥတ္တရသီရိ
MMR018005	MMR018	Poke Ba Thi Ri	ပုဗ္ဗသီရိ
MMR018006	MMR018	Pyinmana	ပျဉ်းမနား
MMR018003	MMR018	Tatkon	တပ်ကုန်း
MMR018002	MMR018	Za Bu Thi Ri	ဇမ္ဗူသီရိ
MMR018001	MMR018	Zay Yar Thi Ri	ဇေယျာသီရိ
MMR012014	MMR012	Ann	အမ်း
MMR012010	MMR012	Buthidaung	ဘူးသီးတောင်
MMR012017	MMR012	Gwa	ဂွ
MMR012011	MMR012	Kyaukpyu	ကျောက်ဖြူ
MMR012004	MMR012	Kyauktaw	ကျောက်တော်
MMR012009	MMR012	Maungdaw	မောင်တော
MMR012005	MMR012	Minbya	မင်းပြား
MMR012003	MMR012	Mrauk-U	မြောက်ဦး
MMR012012	MMR012	Munaung	မာန်အောင်
MMR012006	MMR012	Myebon	မြေပုံ
MMR012007	MMR012	Pauktaw	ပေါက်တော
MMR012002	MMR012	Ponnagyun	ပုဏ္ဏားကျွန်း
MMR012013	MMR012	Ramree	ရမ်းဗြဲ
MMR012008	MMR012	Rathedaung	ရသေ့တောင်
MMR012001	MMR012	Sittwe	စစ်တွေ
MMR012015	MMR012	Thandwe	သံတွဲ
MMR012016	MMR012	Toungup	တောင်ကုတ်
MMR005014	MMR005	Ayadaw	အရာတော်
MMR005023	MMR005	Banmauk	ဗန်းမောက်
MMR005013	MMR005	Budalin	ဘုတလင်
MMR005015	MMR005	Chaung-U	ချောင်းဦး
MMR005033	MMR005	Hkamti	ခန္တီး
MMR005034	MMR005	Homalin	ဟုမ္မလင်း
MMR005021	MMR005	Indaw	အင်းတော်
MMR005027	MMR005	Kale	ကလေး
MMR005028	MMR005	Kalewa	ကလေးဝ
MMR005007	MMR005	Kanbalu	ကန့်ဘလူ
MMR005017	MMR005	Kani	ကနီ
MMR005020	MMR005	Katha	ကသာ
MMR005024	MMR005	Kawlin	ကောလင်း
MMR005005	MMR005	Khin-U	ခင်ဦး
MMR005008	MMR005	Kyunhla	ကျွန်းလှ
MMR005036	MMR005	Lahe	လဟယ်
MMR005035	MMR005	Lay Shi	လေရှီး
MMR005031	MMR005	Mawlaik	မော်လိုက်
MMR005029	MMR005	Mingin	မင်းကင်း
MMR005012	MMR005	Monywa	မုံရွာ
MMR005003	MMR005	Myaung	မြောင်
MMR005002	MMR005	Myinmu	မြင်းမူ
MMR005037	MMR005	Nanyun	နန်းယွန်း
MMR005019	MMR005	Pale	ပုလဲ
MMR005032	MMR005	Paungbyin	ဖေါင်းပြင်
MMR005026	MMR005	Pinlebu	ပင်လည်ဘူး
MMR005001	MMR005	Sagaing	စစ်ကိုင်း
MMR005018	MMR005	Salingyi	ဆားလင်းကြီး
MMR005004	MMR005	Shwebo	ရွှေဘို
MMR005010	MMR005	Tabayin	ဒီပဲယင်း
MMR005030	MMR005	Tamu	တမူး
MMR005011	MMR005	Taze	တန့်ဆည်
MMR005022	MMR005	Tigyaing	ထီးချိုင့်
MMR005006	MMR005	Wetlet	ဝက်လက်
MMR005025	MMR005	Wuntho	ဝန်းသို
MMR005009	MMR005	Ye-U	ရေဦး
MMR005016	MMR005	Yinmarbin	ယင်းမာပင်
MMR016320	MMR016	Ho Tawng (Ho Tao)	ဟိုတောင်း
MMR016001	MMR016	Kengtung	ကျိုင်းတုံ
MMR016319	MMR016	Mong Hpen	မိုင်းဖျန်
MMR016322	MMR016	Mong Kar	မိုင်းကာ
MMR016321	MMR016	Mong Pawk	မိုင်းပေါက်
MMR016010	MMR016	Monghpyak	မိုင်းဖြတ်
MMR016006	MMR016	Monghsat	မိုင်းဆတ်
MMR016002	MMR016	Mongkhet	မိုင်းခတ်
MMR016005	MMR016	Mongla	မိုင်းလား
MMR016007	MMR016	Mongping	မိုင်းပျင်း
MMR016008	MMR016	Mongton	မိုင်းတုံ
MMR016003	MMR016	Mongyang	မိုင်းယန်း
MMR016011	MMR016	Mongyawng	မိုင်းယောင်း
MMR016323	MMR016	Nam Hpai	နမ့်ဖိုင်
MMR016009	MMR016	Tachileik	တာချီလိတ်
MMR015311	MMR015	Aik Chan (Ai' Chun)	အိုက်ချန်
MMR015203	MMR015	Chinshwehaw Sub-township (Kokang SAZ)	ချင်းရွှေဟော်မြို့နယ်ခွဲ (အထူးဒေသ ၁)
MMR015306	MMR015	Hkun Mar (Hkwin Ma)	ခွန်းမား
MMR015021	MMR015	Hopang	ဟိုပန်
MMR015305	MMR015	Hsawng Hpa (Saun Pha)	ဆောင်ဖ
MMR015002	MMR015	Hseni	သိန်းနီ
MMR015014	MMR015	Hsipaw	သီပေါ
MMR015310	MMR015	Ka Lawng Hpar	ကလောင်ဖါ
MMR015304	MMR015	Kawng Min Hsang	ကောင်မင်ဆန်း
MMR015023	MMR015	Konkyan	ကုန်းကြမ်း
MMR015201	MMR015	Konkyan (Kokang SAZ)	ကုန်းကြမ်း (အထူးဒေသ ၁)
MMR015020	MMR015	Kunlong	ကွမ်းလုံ
MMR015011	MMR015	Kutkai	ကွတ်ခိုင်
MMR015012	MMR015	Kyaukme	ကျောက်မဲ
MMR015001	MMR015	Lashio	လားရှိုး
MMR015022	MMR015	Laukkaing	လောက်ကိုင်
MMR015202	MMR015	Laukkaing (Kokang SAZ)	လောက်ကိုင် (အထူးဒေသ ၁)
MMR015309	MMR015	Lin Haw	လင်ဟော်
MMR015307	MMR015	Long Htan	လုံထန်
MMR015018	MMR015	Mabein	မဘိမ်း
MMR015313	MMR015	Man Man Hseng	မန်မန်ဆိုင်
MMR015303	MMR015	Man Tun	မန်တွန်း
MMR015019	MMR015	Manton	မန်တုန်
MMR015024	MMR015	Matman	မက်မန်း
MMR015008	MMR015	Mongmao	မိုင်းမော
MMR015017	MMR015	Mongmit	မိုးမိတ်
MMR015003	MMR015	Mongyai	မိုင်းရယ်
MMR015009	MMR015	Muse	မူဆယ်
MMR015315	MMR015	Nam Hkam Wu	နမ်ခမ်းဝူး
MMR015301	MMR015	Nam Tit	နမ့် တစ်
MMR015010	MMR015	Namhkan	နမ့်ခမ်း
MMR015016	MMR015	Namhsan	နမ့်ဆန်
MMR015015	MMR015	Namtu	နမ္မတူ
MMR015316	MMR015	Nar Kawng	နားကောင်
MMR015302	MMR015	Nar Wee (Na Wi)	နာဝီး
MMR015006	MMR015	Narphan	နားဖန့်
MMR015314	MMR015	Nawng Hkit	နောင်ခစ်
MMR015013	MMR015	Nawnghkio	နောင်ချို
MMR015317	MMR015	Pang Hkam	ပန်ခမ့်
MMR015318	MMR015	Pang Yang	ပန်ယန်း
MMR015005	MMR015	Pangsang	ပန်ဆန်း
MMR015007	MMR015	Pangwaun	ပန်ဝိုင်း
MMR015004	MMR015	Tangyan	တန့်ယန်း
MMR015308	MMR015	Yawng Lin	ယောင်လင်း
MMR015312	MMR015	Yin Pang	ရင်ဖန့်
MMR014003	MMR014	Hopong	ဟိုပုံး
MMR014004	MMR014	Hsihseng	ဆီဆိုင်
MMR014005	MMR014	Kalaw	ကလော
MMR014014	MMR014	Kunhing	ကွန်ဟိန်း
MMR014015	MMR014	Kyethi	ကျေးသီး
MMR014012	MMR014	Laihka	လဲချား
MMR014018	MMR014	Langkho	လင်းခေး
MMR014008	MMR014	Lawksawk	ရပ်စောက်
MMR014011	MMR014	Loilen	လွိုင်လင်
MMR014020	MMR014	Mawkmai	မောက်မယ်
MMR014017	MMR014	Monghsu	မိုင်းရှုး
MMR014016	MMR014	Mongkaing	မိုင်းကိုင်
MMR014019	MMR014	Mongnai	မိုးနဲ
MMR014021	MMR014	Mongpan	မိုင်းပန်
MMR014013	MMR014	Nansang	နမ့်စန်
MMR014002	MMR014	Nyaungshwe	ညောင်ရွှေ
MMR014010	MMR014	Pekon	ဖယ်ခုံ
MMR014006	MMR014	Pindaya	ပင်းတယ
MMR014009	MMR014	Pinlaung	ပင်လောင်း
MMR014001	MMR014	Taunggyi	တောင်ကြီး
MMR014007	MMR014	Ywangan	ရွာငံ
MMR006010	MMR006	Bokpyin	ဘုတ်ပြင်း
MMR006001	MMR006	Dawei	ထားဝယ်
MMR006009	MMR006	Kawthoung	ကော့သောင်း
MMR006006	MMR006	Kyunsu	ကျွန်းစု
MMR006002	MMR006	Launglon	လောင်းလုံ
MMR006005	MMR006	Myeik	မြိတ်
MMR006007	MMR006	Palaw	ပုလော
MMR006008	MMR006	Tanintharyi	တနင်္သာရီ
MMR006003	MMR006	Thayetchaung	သရက်ချောင်း
MMR006004	MMR006	Yebyu	ရေဖြူ
MMR013037	MMR013	Ahlone	အလုံ
MMR013044	MMR013	Bahan	ဗဟန်း
MMR013017	MMR013	Botahtaung	ဗိုလ်တထောင်
MMR013032	MMR013	Cocokyun	ကိုကိုးကျွန်း
MMR013043	MMR013	Dagon	ဒဂုံ
MMR013020	MMR013	Dagon Myothit (East)	ဒဂုံမြို့သစ်အရှေ့ပိုင်း
MMR013019	MMR013	Dagon Myothit (North)	ဒဂုံမြို့သစ်မြောက်ပိုင်း
MMR013021	MMR013	Dagon Myothit (Seikkan)	ဒဂုံမြို့သစ်ဆိပ်ကမ်း
MMR013018	MMR013	Dagon Myothit (South)	ဒဂုံမြို့သစ်တောင်ပိုင်း
MMR013030	MMR013	Dala	ဒလ
MMR013014	MMR013	Dawbon	ဒေါပုံ
MMR013040	MMR013	Hlaing	လှိုင်
MMR013008	MMR013	Hlaingtharya	လှိုင်သာယာ
MMR013004	MMR013	Hlegu	လှည်းကူး
MMR013003	MMR013	Hmawbi	မှော်ဘီ
MMR013006	MMR013	Htantabin	ထန်းတပင်
MMR013001	MMR013	Insein	အင်းစိန်
MMR013041	MMR013	Kamaryut	ကမာရွတ်
MMR013028	MMR013	Kawhmu	ကော့မှုး
MMR013026	MMR013	Kayan	ခရမ်း
MMR013029	MMR013	Kungyangon	ကွမ်းခြံကုန်း
MMR013033	MMR013	Kyauktada	ကျောက်တံတား
MMR013024	MMR013	Kyauktan	ကျောက်တန်း
MMR013038	MMR013	Kyeemyindaing	ကြည့်မြင်တိုင်
MMR013035	MMR013	Lanmadaw	လမ်းမတော်
MMR013036	MMR013	Latha	လသာ
MMR013042	MMR013	Mayangone	မရမ်းကုန်း
MMR013002	MMR013	Mingaladon	မင်္ဂလာဒုံ
MMR013022	MMR013	Mingalartaungnyunt	မင်္ဂလာတောင်ညွန့်
MMR013012	MMR013	North Okkalapa	မြောက်ဥက္ကလာပ
MMR013034	MMR013	Pabedan	ပန်းပဲတန်း
MMR013016	MMR013	Pazundaung	ပုဇွန်တောင်
MMR013039	MMR013	Sanchaung	စမ်းချောင်း
MMR013031	MMR013	Seikgyikanaungto	ဆိပ်ကြီးခနောင်တို
MMR013045	MMR013	Seikkan	ဆိပ်ကမ်း
MMR013007	MMR013	Shwepyithar	ရွှေပြည်သာ
MMR013011	MMR013	South Okkalapa	တောင်ဥက္ကလာပ
MMR013005	MMR013	Taikkyi	တိုက်ကြီး
MMR013015	MMR013	Tamwe	တာမွေ
MMR013013	MMR013	Thaketa	သာကေတ
MMR013023	MMR013	Thanlyin	သန်လျှင်
MMR013009	MMR013	Thingangyun	သင်္ဃန်းကျွန်း
MMR013025	MMR013	Thongwa	သုံးခွ
MMR013027	MMR013	Twantay	တွံတေး
MMR013010	MMR013	Yankin	ရန်ကင်း
